flight_id,flight_date,tail_number,sensor_json
FL7312,2026-01-04,VH-XZC,"{""engine_temp"": 884, ""vibration_level"": 0.39, ""fuel_burn_rate"": 2515}"
FL9546,2026-01-22,VH-XZD,"{""engine_temp"": 762, ""vibration_level"": 0.88, ""fuel_burn_rate"": 2865}"
FL1839,2026-01-22,VH-XZB,"{""engine_temp"": 714, ""vibration_level"": 0.39, ""fuel_burn_rate"": 2482}"
FL5367,2026-01-30,VH-XZA,"{""engine_temp"": 731, ""vibration_level"": 0.39, ""fuel_burn_rate"": 2512}"
FL2094,2026-01-12,VH-XZB,"{""engine_temp"": 942, ""vibration_level"": 0.49, ""fuel_burn_rate"": 2584}"
FL9300,2026-01-13,VH-XZA,"{""engine_temp"": 803, ""vibration_level"": 0.42, ""fuel_burn_rate"": 2584}"
FL9411,2026-01-18,VH-XZC,"{""engine_temp"": 826, ""vibration_level"": 0.37, ""fuel_burn_rate"": 2535}"
FL6075,2026-01-17,VH-XZC,"{""engine_temp"": 750, ""vibration_level"": 0.39, ""fuel_burn_rate"": 2517}"
FL6124,2026-01-28,VH-XZC,"{""engine_temp"": 734, ""vibration_level"": 0.44, ""fuel_burn_rate"": 2551}"
FL6121,2026-01-11,VH-XZA,"{""engine_temp"": 975, ""vibration_level"": 0.31, ""fuel_burn_rate"": 2496}"
FL1682,2026-01-01,VH-XZC,"{""engine_temp"": 742, ""vibration_level"": 0.33, ""fuel_burn_rate"": 2434}"
FL5054,2026-01-29,VH-XZA,"{""engine_temp"": 951, ""vibration_level"": 0.47, ""fuel_burn_rate"": 2616}"
FL8996,2026-01-01,VH-XZC,"{""engine_temp"": 842, ""vibration_level"": 0.36, ""fuel_burn_rate"": 2531}"
FL3272,2026-01-16,VH-XZA,"{""engine_temp"": 850, ""vibration_level"": 0.47, ""fuel_burn_rate"": 2598}"
FL6520,2026-01-12,VH-XZC,"{""engine_temp"": 700, ""vibration_level"": 0.35, ""fuel_burn_rate"": 2465}"
FL6535,2026-01-09,VH-XZB,"{""engine_temp"": 891, ""vibration_level"": 0.5, ""fuel_burn_rate"": 2645}"
FL5715,2026-01-07,VH-XZB,"{""engine_temp"": 724, ""vibration_level"": 0.43, ""fuel_burn_rate"": 2510}"
FL4064,2026-01-04,VH-XZA,"{""engine_temp"": 974, ""vibration_level"": 0.49, ""fuel_burn_rate"": 2604}"
FL8057,2026-01-04,VH-XZD,"{""engine_temp"": 756, ""vibration_level"": 0.74, ""fuel_burn_rate"": 2800}"
FL2995,2026-01-23,VH-XZD,"{""engine_temp"": 940, ""vibration_level"": 0.71, ""fuel_burn_rate"": 2813}"
FL2059,2026-01-13,VH-XZD,"{""engine_temp"": 877, ""vibration_level"": 0.78, ""fuel_burn_rate"": 2850}"
FL2262,2026-01-24,VH-XZD,"{""engine_temp"": 845, ""vibration_level"": 0.71, ""fuel_burn_rate"": 2773}"
FL9166,2026-01-07,VH-XZB,"{""engine_temp"": 863, ""vibration_level"": 0.34, ""fuel_burn_rate"": 2429}"
FL3827,2026-01-22,VH-XZB,"{""engine_temp"": 910, ""vibration_level"": 0.46, ""fuel_burn_rate"": 2567}"
FL7615,2026-01-15,VH-XZD,"{""engine_temp"": 813, ""vibration_level"": 0.74, ""fuel_burn_rate"": 2779}"
FL5424,2026-01-18,VH-XZB,"{""engine_temp"": 906, ""vibration_level"": 0.37, ""fuel_burn_rate"": 2486}"
FL2820,2026-01-19,VH-XZC,"{""engine_temp"": 959, ""vibration_level"": 0.4, ""fuel_burn_rate"": 2471}"
FL8197,2026-01-09,VH-XZA,"{""engine_temp"": 836, ""vibration_level"": 0.36, ""fuel_burn_rate"": 2479}"
FL6817,2026-01-10,VH-XZB,"{""engine_temp"": 782, ""vibration_level"": 0.31, ""fuel_burn_rate"": 2446}"
FL7027,2026-01-21,VH-XZA,"{""engine_temp"": 879, ""vibration_level"": 0.42, ""fuel_burn_rate"": 2516}"
FL7433,2026-01-09,VH-XZC,"{""engine_temp"": 808, ""vibration_level"": 0.47, ""fuel_burn_rate"": 2614}"
FL9669,2026-01-12,VH-XZC,"{""engine_temp"": 879, ""vibration_level"": 0.37, ""fuel_burn_rate"": 2464}"
FL8998,2026-01-06,VH-XZC,"{""engine_temp"": 753, ""vibration_level"": 0.37, ""fuel_burn_rate"": 2492}"
FL3832,2026-01-30,VH-XZB,"{""engine_temp"": 966, ""vibration_level"": 0.34, ""fuel_burn_rate"": 2428}"
FL9070,2026-01-23,VH-XZB,"{""engine_temp"": 974, ""vibration_level"": 0.32, ""fuel_burn_rate"": 2412}"
FL5946,2026-01-15,VH-XZB,"{""engine_temp"": 804, ""vibration_level"": 0.41, ""fuel_burn_rate"": 2561}"
FL9610,2026-01-06,VH-XZD,"{""engine_temp"": 753, ""vibration_level"": 0.77, ""fuel_burn_rate"": 2857}"
FL6478,2026-01-15,VH-XZC,"{""engine_temp"": 827, ""vibration_level"": 0.31, ""fuel_burn_rate"": 2469}"
FL8513,2026-01-08,VH-XZB,"{""engine_temp"": 879, ""vibration_level"": 0.39, ""fuel_burn_rate"": 2464}"
FL7532,2026-01-11,VH-XZC,"{""engine_temp"": 926, ""vibration_level"": 0.33, ""fuel_burn_rate"": 2447}"
FL6450,2026-01-08,VH-XZC,"{""engine_temp"": 930, ""vibration_level"": 0.3, ""fuel_burn_rate"": 2400}"
FL6795,2026-01-06,VH-XZD,"{""engine_temp"": 713, ""vibration_level"": 0.72, ""fuel_burn_rate"": 2766}"
FL4494,2026-01-09,VH-XZD,"{""engine_temp"": 862, ""vibration_level"": 0.8, ""fuel_burn_rate"": 2823}"
FL4261,2026-01-07,VH-XZC,"{""engine_temp"": 791, ""vibration_level"": 0.42, ""fuel_burn_rate"": 2508}"
FL3255,2026-01-30,VH-XZB,"{""engine_temp"": 772, ""vibration_level"": 0.47, ""fuel_burn_rate"": 2600}"
FL9945,2026-01-09,VH-XZB,"{""engine_temp"": 980, ""vibration_level"": 0.48, ""fuel_burn_rate"": 2624}"
FL1105,2026-01-17,VH-XZD,"{""engine_temp"": 882, ""vibration_level"": 0.87, ""fuel_burn_rate"": 2848}"
FL6370,2026-01-14,VH-XZD,"{""engine_temp"": 978, ""vibration_level"": 0.78, ""fuel_burn_rate"": 2825}"
FL3889,2026-01-10,VH-XZB,"{""engine_temp"": 726, ""vibration_level"": 0.34, ""fuel_burn_rate"": 2513}"
FL1675,2026-01-29,VH-XZB,"{""engine_temp"": 780, ""vibration_level"": 0.45, ""fuel_burn_rate"": 2575}"
FL7827,2026-01-10,VH-XZA,"{""engine_temp"": 798, ""vibration_level"": 0.38, ""fuel_burn_rate"": 2539}"
FL4900,2026-01-05,VH-XZC,"{""engine_temp"": 812, ""vibration_level"": 0.39, ""fuel_burn_rate"": 2476}"
FL2357,2026-01-20,VH-XZD,"{""engine_temp"": 876, ""vibration_level"": 0.7, ""fuel_burn_rate"": 2789}"
FL6587,2026-01-05,VH-XZC,"{""engine_temp"": 826, ""vibration_level"": 0.3, ""fuel_burn_rate"": 2484}"
FL3712,2026-01-28,VH-XZC,"{""engine_temp"": 860, ""vibration_level"": 0.32, ""fuel_burn_rate"": 2445}"
FL9682,2026-01-25,VH-XZB,"{""engine_temp"": 739, ""vibration_level"": 0.46, ""fuel_burn_rate"": 2606}"
FL3630,2026-01-21,VH-XZB,"{""engine_temp"": 929, ""vibration_level"": 0.49, ""fuel_burn_rate"": 2610}"
FL4515,2026-01-30,VH-XZC,"{""engine_temp"": 746, ""vibration_level"": 0.31, ""fuel_burn_rate"": 2404}"
FL8388,2026-01-15,VH-XZA,"{""engine_temp"": 946, ""vibration_level"": 0.33, ""fuel_burn_rate"": 2510}"
FL3025,2026-01-11,VH-XZA,"{""engine_temp"": 850, ""vibration_level"": 0.49, ""fuel_burn_rate"": 2627}"
FL1484,2026-01-26,VH-XZD,"{""engine_temp"": 883, ""vibration_level"": 0.77, ""fuel_burn_rate"": 2779}"
FL6884,2026-01-14,VH-XZC,"{""engine_temp"": 907, ""vibration_level"": 0.37, ""fuel_burn_rate"": 2489}"
FL7457,2026-01-19,VH-XZC,"{""engine_temp"": 832, ""vibration_level"": 0.42, ""fuel_burn_rate"": 2551}"
FL2846,2026-01-14,VH-XZB,"{""engine_temp"": 945, ""vibration_level"": 0.3, ""fuel_burn_rate"": 2433}"
FL9695,2026-01-27,VH-XZC,"{""engine_temp"": 820, ""vibration_level"": 0.41, ""fuel_burn_rate"": 2549}"
FL7889,2026-01-10,VH-XZD,"{""engine_temp"": 963, ""vibration_level"": 0.86, ""fuel_burn_rate"": 2852}"
FL1993,2026-01-23,VH-XZB,"{""engine_temp"": 830, ""vibration_level"": 0.41, ""fuel_burn_rate"": 2484}"
FL7800,2026-01-16,VH-XZC,"{""engine_temp"": 727, ""vibration_level"": 0.4, ""fuel_burn_rate"": 2487}"
FL9085,2026-01-27,VH-XZD,"{""engine_temp"": 972, ""vibration_level"": 0.85, ""fuel_burn_rate"": 2886}"
FL9923,2026-01-09,VH-XZA,"{""engine_temp"": 806, ""vibration_level"": 0.47, ""fuel_burn_rate"": 2579}"
FL1102,2026-01-03,VH-XZA,"{""engine_temp"": 805, ""vibration_level"": 0.4, ""fuel_burn_rate"": 2531}"
FL1638,2026-01-17,VH-XZA,"{""engine_temp"": 848, ""vibration_level"": 0.41, ""fuel_burn_rate"": 2508}"
FL9527,2026-01-09,VH-XZC,"{""engine_temp"": 877, ""vibration_level"": 0.38, ""fuel_burn_rate"": 2528}"
FL4460,2026-01-22,VH-XZB,"{""engine_temp"": 894, ""vibration_level"": 0.34, ""fuel_burn_rate"": 2449}"
FL5072,2026-01-11,VH-XZA,"{""engine_temp"": 764, ""vibration_level"": 0.44, ""fuel_burn_rate"": 2517}"
FL2798,2026-01-30,VH-XZD,"{""engine_temp"": 772, ""vibration_level"": 0.76, ""fuel_burn_rate"": 2762}"
FL5494,2026-01-20,VH-XZA,"{""engine_temp"": 845, ""vibration_level"": 0.46, ""fuel_burn_rate"": 2532}"
FL6869,2026-01-23,VH-XZB,"{""engine_temp"": 791, ""vibration_level"": 0.32, ""fuel_burn_rate"": 2504}"
FL1930,2026-01-14,VH-XZB,"{""engine_temp"": 968, ""vibration_level"": 0.31, ""fuel_burn_rate"": 2453}"
FL4783,2026-01-17,VH-XZD,"{""engine_temp"": 940, ""vibration_level"": 0.87, ""fuel_burn_rate"": 2891}"
FL9213,2026-01-25,VH-XZA,"{""engine_temp"": 761, ""vibration_level"": 0.43, ""fuel_burn_rate"": 2497}"
FL8588,2026-01-01,VH-XZB,"{""engine_temp"": 758, ""vibration_level"": 0.35, ""fuel_burn_rate"": 2502}"
FL2560,2026-01-07,VH-XZA,"{""engine_temp"": 962, ""vibration_level"": 0.31, ""fuel_burn_rate"": 2407}"
FL4077,2026-01-10,VH-XZC,"{""engine_temp"": 947, ""vibration_level"": 0.41, ""fuel_burn_rate"": 2564}"
FL1292,2026-01-19,VH-XZC,"{""engine_temp"": 785, ""vibration_level"": 0.49, ""fuel_burn_rate"": 2544}"
FL8484,2026-01-30,VH-XZC,"{""engine_temp"": 824, ""vibration_level"": 0.39, ""fuel_burn_rate"": 2544}"
FL2143,2026-01-29,VH-XZC,"{""engine_temp"": 890, ""vibration_level"": 0.34, ""fuel_burn_rate"": 2506}"
FL2527,2026-01-24,VH-XZB,"{""engine_temp"": 739, ""vibration_level"": 0.47, ""fuel_burn_rate"": 2615}"
FL3803,2026-01-01,VH-XZB,"{""engine_temp"": 709, ""vibration_level"": 0.43, ""fuel_burn_rate"": 2496}"
FL3509,2026-01-02,VH-XZB,"{""engine_temp"": 869, ""vibration_level"": 0.33, ""fuel_burn_rate"": 2449}"
FL4601,2026-01-21,VH-XZA,"{""engine_temp"": 720, ""vibration_level"": 0.5, ""fuel_burn_rate"": 2634}"
FL5758,2026-01-29,VH-XZC,"{""engine_temp"": 757, ""vibration_level"": 0.35, ""fuel_burn_rate"": 2431}"
FL6811,2026-01-03,VH-XZA,"{""engine_temp"": 887, ""vibration_level"": 0.37, ""fuel_burn_rate"": 2545}"
FL1040,2026-01-28,VH-XZB,"{""engine_temp"": 733, ""vibration_level"": 0.31, ""fuel_burn_rate"": 2489}"
FL5123,2026-01-02,VH-XZB,"{""engine_temp"": 737, ""vibration_level"": 0.45, ""fuel_burn_rate"": 2606}"
FL4272,2026-01-05,VH-XZA,"{""engine_temp"": 972, ""vibration_level"": 0.32, ""fuel_burn_rate"": 2468}"
FL9087,2026-01-15,VH-XZA,"{""engine_temp"": 861, ""vibration_level"": 0.48, ""fuel_burn_rate"": 2589}"
FL5002,2026-01-22,VH-XZB,"{""engine_temp"": 830, ""vibration_level"": 0.36, ""fuel_burn_rate"": 2488}"
FL9279,2026-01-15,VH-XZC,"{""engine_temp"": 706, ""vibration_level"": 0.44, ""fuel_burn_rate"": 2552}"
FL6727,2026-01-13,VH-XZD,"{""engine_temp"": 813, ""vibration_level"": 0.88, ""fuel_burn_rate"": 2933}"
FL7468,2026-01-09,VH-XZB,"{""engine_temp"": 750, ""vibration_level"": 0.45, ""fuel_burn_rate"": 2567}"
FL1174,2026-01-14,VH-XZB,"{""engine_temp"": 892, ""vibration_level"": 0.48, ""fuel_burn_rate"": 2582}"
FL5652,2026-01-11,VH-XZD,"{""engine_temp"": 890, ""vibration_level"": 0.81, ""fuel_burn_rate"": 2880}"
FL7810,2026-01-19,VH-XZC,"{""engine_temp"": 749, ""vibration_level"": 0.43, ""fuel_burn_rate"": 2539}"
FL8969,2026-01-30,VH-XZD,"{""engine_temp"": 829, ""vibration_level"": 0.85, ""fuel_burn_rate"": 2896}"
FL5934,2026-01-22,VH-XZC,"{""engine_temp"": 828, ""vibration_level"": 0.47, ""fuel_burn_rate"": 2621}"
FL4434,2026-01-25,VH-XZD,"{""engine_temp"": 829, ""vibration_level"": 0.72, ""fuel_burn_rate"": 2799}"
FL2902,2026-01-07,VH-XZA,"{""engine_temp"": 927, ""vibration_level"": 0.49, ""fuel_burn_rate"": 2561}"
FL6594,2026-01-10,VH-XZD,"{""engine_temp"": 708, ""vibration_level"": 0.8, ""fuel_burn_rate"": 2813}"
FL2270,2026-01-08,VH-XZA,"{""engine_temp"": 725, ""vibration_level"": 0.33, ""fuel_burn_rate"": 2444}"
FL2701,2026-01-12,VH-XZB,"{""engine_temp"": 825, ""vibration_level"": 0.32, ""fuel_burn_rate"": 2465}"
FL6016,2026-01-20,VH-XZD,"{""engine_temp"": 869, ""vibration_level"": 0.73, ""fuel_burn_rate"": 2770}"
FL1134,2026-01-21,VH-XZD,"{""engine_temp"": 875, ""vibration_level"": 0.79, ""fuel_burn_rate"": 2847}"
FL8022,2026-01-08,VH-XZA,"{""engine_temp"": 922, ""vibration_level"": 0.46, ""fuel_burn_rate"": 2589}"
FL9252,2026-01-23,VH-XZA,"{""engine_temp"": 955, ""vibration_level"": 0.39, ""fuel_burn_rate"": 2519}"
FL4010,2026-01-02,VH-XZD,"{""engine_temp"": 807, ""vibration_level"": 0.75, ""fuel_burn_rate"": 2845}"
FL3245,2026-01-11,VH-XZB,"{""engine_temp"": 921, ""vibration_level"": 0.36, ""fuel_burn_rate"": 2484}"
FL8512,2026-01-07,VH-XZC,"{""engine_temp"": 889, ""vibration_level"": 0.49, ""fuel_burn_rate"": 2591}"
FL2875,2026-01-13,VH-XZD,"{""engine_temp"": 769, ""vibration_level"": 0.89, ""fuel_burn_rate"": 2930}"
FL8670,2026-01-17,VH-XZA,"{""engine_temp"": 744, ""vibration_level"": 0.46, ""fuel_burn_rate"": 2610}"
FL8000,2026-01-23,VH-XZA,"{""engine_temp"": 755, ""vibration_level"": 0.5, ""fuel_burn_rate"": 2614}"
FL3259,2026-01-29,VH-XZB,"{""engine_temp"": 770, ""vibration_level"": 0.34, ""fuel_burn_rate"": 2425}"
FL5047,2026-01-10,VH-XZA,"{""engine_temp"": 762, ""vibration_level"": 0.46, ""fuel_burn_rate"": 2610}"
FL8925,2026-01-07,VH-XZD,"{""engine_temp"": 832, ""vibration_level"": 0.76, ""fuel_burn_rate"": 2843}"
FL8470,2026-01-15,VH-XZD,"{""engine_temp"": 902, ""vibration_level"": 0.89, ""fuel_burn_rate"": 2944}"
FL2302,2026-01-30,VH-XZB,"{""engine_temp"": 760, ""vibration_level"": 0.4, ""fuel_burn_rate"": 2549}"
FL2660,2026-01-25,VH-XZC,"{""engine_temp"": 744, ""vibration_level"": 0.41, ""fuel_burn_rate"": 2516}"
FL1461,2026-01-28,VH-XZA,"{""engine_temp"": 971, ""vibration_level"": 0.44, ""fuel_burn_rate"": 2506}"
FL7268,2026-01-27,VH-XZB,"{""engine_temp"": 847, ""vibration_level"": 0.37, ""fuel_burn_rate"": 2534}"
FL8041,2026-01-17,VH-XZD,"{""engine_temp"": 928, ""vibration_level"": 0.71, ""fuel_burn_rate"": 2753}"
FL5705,2026-01-24,VH-XZB,"{""engine_temp"": 829, ""vibration_level"": 0.38, ""fuel_burn_rate"": 2528}"
FL9789,2026-01-23,VH-XZB,"{""engine_temp"": 757, ""vibration_level"": 0.4, ""fuel_burn_rate"": 2528}"
FL4046,2026-01-09,VH-XZD,"{""engine_temp"": 980, ""vibration_level"": 0.82, ""fuel_burn_rate"": 2871}"
FL9912,2026-01-22,VH-XZC,"{""engine_temp"": 787, ""vibration_level"": 0.36, ""fuel_burn_rate"": 2477}"
FL7786,2026-01-11,VH-XZA,"{""engine_temp"": 920, ""vibration_level"": 0.32, ""fuel_burn_rate"": 2430}"
FL1401,2026-01-11,VH-XZD,"{""engine_temp"": 854, ""vibration_level"": 0.89, ""fuel_burn_rate"": 2895}"
FL4901,2026-01-07,VH-XZC,"{""engine_temp"": 736, ""vibration_level"": 0.32, ""fuel_burn_rate"": 2497}"
FL9905,2026-01-16,VH-XZD,"{""engine_temp"": 817, ""vibration_level"": 0.74, ""fuel_burn_rate"": 2819}"
FL6222,2026-01-18,VH-XZD,"{""engine_temp"": 729, ""vibration_level"": 0.77, ""fuel_burn_rate"": 2854}"
FL7628,2026-01-03,VH-XZC,"{""engine_temp"": 980, ""vibration_level"": 0.32, ""fuel_burn_rate"": 2472}"
FL1288,2026-01-18,VH-XZC,"{""engine_temp"": 826, ""vibration_level"": 0.45, ""fuel_burn_rate"": 2603}"
FL5005,2026-01-20,VH-XZC,"{""engine_temp"": 710, ""vibration_level"": 0.47, ""fuel_burn_rate"": 2561}"
FL5460,2026-01-26,VH-XZB,"{""engine_temp"": 954, ""vibration_level"": 0.46, ""fuel_burn_rate"": 2527}"
FL6559,2026-01-13,VH-XZC,"{""engine_temp"": 919, ""vibration_level"": 0.43, ""fuel_burn_rate"": 2554}"
FL9926,2026-01-06,VH-XZB,"{""engine_temp"": 838, ""vibration_level"": 0.42, ""fuel_burn_rate"": 2500}"
FL5848,2026-01-10,VH-XZD,"{""engine_temp"": 738, ""vibration_level"": 0.9, ""fuel_burn_rate"": 2914}"
FL3152,2026-01-18,VH-XZA,"{""engine_temp"": 831, ""vibration_level"": 0.46, ""fuel_burn_rate"": 2561}"
FL8501,2026-01-04,VH-XZB,"{""engine_temp"": 844, ""vibration_level"": 0.35, ""fuel_burn_rate"": 2484}"
FL2960,2026-01-18,VH-XZC,"{""engine_temp"": 813, ""vibration_level"": 0.34, ""fuel_burn_rate"": 2512}"
FL7970,2026-01-29,VH-XZC,"{""engine_temp"": 796, ""vibration_level"": 0.49, ""fuel_burn_rate"": 2581}"
FL5803,2026-01-05,VH-XZD,"{""engine_temp"": 702, ""vibration_level"": 0.89, ""fuel_burn_rate"": 2904}"
FL2888,2026-01-30,VH-XZB,"{""engine_temp"": 915, ""vibration_level"": 0.38, ""fuel_burn_rate"": 2495}"
FL4459,2026-01-21,VH-XZB,"{""engine_temp"": 741, ""vibration_level"": 0.42, ""fuel_burn_rate"": 2558}"
FL8690,2026-01-11,VH-XZB,"{""engine_temp"": 866, ""vibration_level"": 0.45, ""fuel_burn_rate"": 2568}"
FL6983,2026-01-17,VH-XZA,"{""engine_temp"": 777, ""vibration_level"": 0.48, ""fuel_burn_rate"": 2562}"
FL1782,2026-01-23,VH-XZB,"{""engine_temp"": 729, ""vibration_level"": 0.41, ""fuel_burn_rate"": 2541}"
FL4224,2026-01-23,VH-XZA,"{""engine_temp"": 894, ""vibration_level"": 0.37, ""fuel_burn_rate"": 2446}"
FL9391,2026-01-22,VH-XZC,"{""engine_temp"": 961, ""vibration_level"": 0.4, ""fuel_burn_rate"": 2508}"
FL9126,2026-01-20,VH-XZA,"{""engine_temp"": 930, ""vibration_level"": 0.34, ""fuel_burn_rate"": 2433}"
FL7698,2026-01-25,VH-XZD,"{""engine_temp"": 811, ""vibration_level"": 0.83, ""fuel_burn_rate"": 2830}"
FL8717,2026-01-01,VH-XZC,"{""engine_temp"": 740, ""vibration_level"": 0.36, ""fuel_burn_rate"": 2504}"
FL9089,2026-01-30,VH-XZA,"{""engine_temp"": 884, ""vibration_level"": 0.49, ""fuel_burn_rate"": 2630}"
FL6681,2026-01-12,VH-XZA,"{""engine_temp"": 754, ""vibration_level"": 0.46, ""fuel_burn_rate"": 2530}"
FL4954,2026-01-14,VH-XZD,"{""engine_temp"": 855, ""vibration_level"": 0.87, ""fuel_burn_rate"": 2913}"
FL6285,2026-01-15,VH-XZC,"{""engine_temp"": 827, ""vibration_level"": 0.42, ""fuel_burn_rate"": 2505}"
FL8719,2026-01-18,VH-XZC,"{""engine_temp"": 966, ""vibration_level"": 0.5, ""fuel_burn_rate"": 2596}"
FL1827,2026-01-20,VH-XZA,"{""engine_temp"": 916, ""vibration_level"": 0.37, ""fuel_burn_rate"": 2455}"
FL8479,2026-01-15,VH-XZB,"{""engine_temp"": 948, ""vibration_level"": 0.47, ""fuel_burn_rate"": 2564}"
FL7582,2026-01-07,VH-XZB,"{""engine_temp"": 895, ""vibration_level"": 0.47, ""fuel_burn_rate"": 2608}"
FL3510,2026-01-23,VH-XZA,"{""engine_temp"": 756, ""vibration_level"": 0.48, ""fuel_burn_rate"": 2590}"
FL9572,2026-01-26,VH-XZB,"{""engine_temp"": 805, ""vibration_level"": 0.43, ""fuel_burn_rate"": 2508}"
FL4205,2026-01-14,VH-XZD,"{""engine_temp"": 808, ""vibration_level"": 0.74, ""fuel_burn_rate"": 2803}"
FL7806,2026-01-21,VH-XZB,"{""engine_temp"": 739, ""vibration_level"": 0.5, ""fuel_burn_rate"": 2575}"
FL8911,2026-01-03,VH-XZB,"{""engine_temp"": 955, ""vibration_level"": 0.36, ""fuel_burn_rate"": 2488}"
FL3223,2026-01-13,VH-XZB,"{""engine_temp"": 710, ""vibration_level"": 0.37, ""fuel_burn_rate"": 2494}"
FL9798,2026-01-22,VH-XZA,"{""engine_temp"": 854, ""vibration_level"": 0.47, ""fuel_burn_rate"": 2545}"
FL2147,2026-01-27,VH-XZD,"{""engine_temp"": 791, ""vibration_level"": 0.72, ""fuel_burn_rate"": 2747}"
FL3432,2026-01-06,VH-XZD,"{""engine_temp"": 726, ""vibration_level"": 0.73, ""fuel_burn_rate"": 2825}"
FL8713,2026-01-04,VH-XZA,"{""engine_temp"": 949, ""vibration_level"": 0.34, ""fuel_burn_rate"": 2442}"
FL8190,2026-01-16,VH-XZC,"{""engine_temp"": 754, ""vibration_level"": 0.46, ""fuel_burn_rate"": 2613}"
FL2453,2026-01-01,VH-XZA,"{""engine_temp"": 886, ""vibration_level"": 0.44, ""fuel_burn_rate"": 2544}"
FL4012,2026-01-10,VH-XZC,"{""engine_temp"": 724, ""vibration_level"": 0.3, ""fuel_burn_rate"": 2413}"
FL6271,2026-01-08,VH-XZC,"{""engine_temp"": 969, ""vibration_level"": 0.38, ""fuel_burn_rate"": 2547}"
FL8160,2026-01-25,VH-XZB,"{""engine_temp"": 952, ""vibration_level"": 0.49, ""fuel_burn_rate"": 2572}"
FL9793,2026-01-01,VH-XZB,"{""engine_temp"": 948, ""vibration_level"": 0.39, ""fuel_burn_rate"": 2554}"
FL2967,2026-01-26,VH-XZA,"{""engine_temp"": 849, ""vibration_level"": 0.34, ""fuel_burn_rate"": 2464}"
FL8937,2026-01-12,VH-XZC,"{""engine_temp"": 911, ""vibration_level"": 0.36, ""fuel_burn_rate"": 2519}"
FL4630,2026-01-22,VH-XZB,"{""engine_temp"": 963, ""vibration_level"": 0.42, ""fuel_burn_rate"": 2580}"
FL2569,2026-01-13,VH-XZA,"{""engine_temp"": 855, ""vibration_level"": 0.34, ""fuel_burn_rate"": 2514}"
FL9239,2026-01-20,VH-XZD,"{""engine_temp"": 910, ""vibration_level"": 0.71, ""fuel_burn_rate"": 2728}"
FL7960,2026-01-20,VH-XZA,"{""engine_temp"": 870, ""vibration_level"": 0.48, ""fuel_burn_rate"": 2594}"
FL2422,2026-01-17,VH-XZA,"{""engine_temp"": 752, ""vibration_level"": 0.35, ""fuel_burn_rate"": 2521}"
FL8173,2026-01-19,VH-XZD,"{""engine_temp"": 879, ""vibration_level"": 0.87, ""fuel_burn_rate"": 2875}"
FL9872,2026-01-30,VH-XZB,"{""engine_temp"": 819, ""vibration_level"": 0.36, ""fuel_burn_rate"": 2492}"
FL3957,2026-01-07,VH-XZC,"{""engine_temp"": 801, ""vibration_level"": 0.41, ""fuel_burn_rate"": 2506}"
FL1544,2026-01-07,VH-XZA,"{""engine_temp"": 702, ""vibration_level"": 0.44, ""fuel_burn_rate"": 2566}"
FL4993,2026-01-05,VH-XZA,"{""engine_temp"": 871, ""vibration_level"": 0.47, ""fuel_burn_rate"": 2606}"
FL9470,2026-01-17,VH-XZD,"{""engine_temp"": 736, ""vibration_level"": 0.77, ""fuel_burn_rate"": 2830}"
FL3858,2026-01-21,VH-XZD,"{""engine_temp"": 926, ""vibration_level"": 0.8, ""fuel_burn_rate"": 2815}"
FL3743,2026-01-22,VH-XZC,"{""engine_temp"": 832, ""vibration_level"": 0.36, ""fuel_burn_rate"": 2526}"
FL9189,2026-01-15,VH-XZA,"{""engine_temp"": 978, ""vibration_level"": 0.42, ""fuel_burn_rate"": 2529}"
FL1617,2026-01-07,VH-XZA,"{""engine_temp"": 957, ""vibration_level"": 0.32, ""fuel_burn_rate"": 2431}"
FL2569,2026-01-08,VH-XZD,"{""engine_temp"": 922, ""vibration_level"": 0.76, ""fuel_burn_rate"": 2815}"
FL9395,2026-01-01,VH-XZB,"{""engine_temp"": 824, ""vibration_level"": 0.36, ""fuel_burn_rate"": 2506}"
FL5637,2026-01-04,VH-XZA,"{""engine_temp"": 718, ""vibration_level"": 0.39, ""fuel_burn_rate"": 2545}"
FL8311,2026-01-07,VH-XZA,"{""engine_temp"": 839, ""vibration_level"": 0.37, ""fuel_burn_rate"": 2450}"
FL9718,2026-01-17,VH-XZA,"{""engine_temp"": 954, ""vibration_level"": 0.44, ""fuel_burn_rate"": 2551}"
FL6601,2026-01-14,VH-XZB,"{""engine_temp"": 809, ""vibration_level"": 0.42, ""fuel_burn_rate"": 2571}"
FL4128,2026-01-09,VH-XZB,"{""engine_temp"": 795, ""vibration_level"": 0.37, ""fuel_burn_rate"": 2459}"
FL1797,2026-01-30,VH-XZC,"{""engine_temp"": 786, ""vibration_level"": 0.45, ""fuel_burn_rate"": 2604}"
FL9629,2026-01-16,VH-XZC,"{""engine_temp"": 761, ""vibration_level"": 0.47, ""fuel_burn_rate"": 2572}"
FL6766,2026-01-24,VH-XZD,"{""engine_temp"": 852, ""vibration_level"": 0.81, ""fuel_burn_rate"": 2857}"
FL8476,2026-01-02,VH-XZD,"{""engine_temp"": 959, ""vibration_level"": 0.76, ""fuel_burn_rate"": 2781}"
FL1643,2026-01-10,VH-XZB,"{""engine_temp"": 933, ""vibration_level"": 0.45, ""fuel_burn_rate"": 2586}"
FL6101,2026-01-13,VH-XZC,"{""engine_temp"": 948, ""vibration_level"": 0.46, ""fuel_burn_rate"": 2547}"
FL4271,2026-01-12,VH-XZA,"{""engine_temp"": 975, ""vibration_level"": 0.35, ""fuel_burn_rate"": 2460}"
FL9630,2026-01-11,VH-XZC,"{""engine_temp"": 734, ""vibration_level"": 0.33, ""fuel_burn_rate"": 2502}"
FL2605,2026-01-01,VH-XZB,"{""engine_temp"": 786, ""vibration_level"": 0.47, ""fuel_burn_rate"": 2576}"
FL5726,2026-01-15,VH-XZB,"{""engine_temp"": 733, ""vibration_level"": 0.36, ""fuel_burn_rate"": 2492}"
FL7918,2026-01-19,VH-XZD,"{""engine_temp"": 892, ""vibration_level"": 0.83, ""fuel_burn_rate"": 2847}"
FL7931,2026-01-20,VH-XZB,"{""engine_temp"": 707, ""vibration_level"": 0.31, ""fuel_burn_rate"": 2410}"
FL7594,2026-01-18,VH-XZA,"{""engine_temp"": 776, ""vibration_level"": 0.44, ""fuel_burn_rate"": 2533}"
FL1217,2026-01-30,VH-XZB,"{""engine_temp"": 861, ""vibration_level"": 0.38, ""fuel_burn_rate"": 2474}"
FL4873,2026-01-27,VH-XZD,"{""engine_temp"": 741, ""vibration_level"": 0.71, ""fuel_burn_rate"": 2737}"
FL3603,2026-01-15,VH-XZD,"{""engine_temp"": 971, ""vibration_level"": 0.71, ""fuel_burn_rate"": 2770}"
FL2289,2026-01-09,VH-XZD,"{""engine_temp"": 813, ""vibration_level"": 0.89, ""fuel_burn_rate"": 2887}"
FL7786,2026-01-05,VH-XZA,"{""engine_temp"": 969, ""vibration_level"": 0.37, ""fuel_burn_rate"": 2456}"
FL4265,2026-01-21,VH-XZA,"{""engine_temp"": 935, ""vibration_level"": 0.48, ""fuel_burn_rate"": 2540}"
FL4025,2026-01-07,VH-XZD,"{""engine_temp"": 955, ""vibration_level"": 0.79, ""fuel_burn_rate"": 2878}"
FL1831,2026-01-22,VH-XZB,"{""engine_temp"": 720, ""vibration_level"": 0.32, ""fuel_burn_rate"": 2506}"
FL1746,2026-01-30,VH-XZA,"{""engine_temp"": 861, ""vibration_level"": 0.44, ""fuel_burn_rate"": 2512}"
FL5167,2026-01-04,VH-XZC,"{""engine_temp"": 719, ""vibration_level"": 0.37, ""fuel_burn_rate"": 2455}"
FL3849,2026-01-13,VH-XZA,"{""engine_temp"": 770, ""vibration_level"": 0.48, ""fuel_burn_rate"": 2580}"
FL4302,2026-01-06,VH-XZC,"{""engine_temp"": 817, ""vibration_level"": 0.34, ""fuel_burn_rate"": 2467}"
FL1741,2026-01-20,VH-XZC,"{""engine_temp"": 836, ""vibration_level"": 0.38, ""fuel_burn_rate"": 2486}"
FL9342,2026-01-24,VH-XZA,"{""engine_temp"": 843, ""vibration_level"": 0.32, ""fuel_burn_rate"": 2423}"
FL2114,2026-01-01,VH-XZB,"{""engine_temp"": 792, ""vibration_level"": 0.33, ""fuel_burn_rate"": 2431}"
FL9346,2026-01-18,VH-XZD,"{""engine_temp"": 901, ""vibration_level"": 0.72, ""fuel_burn_rate"": 2770}"
FL5073,2026-01-30,VH-XZB,"{""engine_temp"": 708, ""vibration_level"": 0.44, ""fuel_burn_rate"": 2535}"
FL7122,2026-01-18,VH-XZA,"{""engine_temp"": 810, ""vibration_level"": 0.39, ""fuel_burn_rate"": 2479}"
FL8740,2026-01-15,VH-XZA,"{""engine_temp"": 964, ""vibration_level"": 0.4, ""fuel_burn_rate"": 2536}"
FL1892,2026-01-24,VH-XZB,"{""engine_temp"": 915, ""vibration_level"": 0.37, ""fuel_burn_rate"": 2493}"
FL2221,2026-01-02,VH-XZB,"{""engine_temp"": 825, ""vibration_level"": 0.37, ""fuel_burn_rate"": 2528}"
FL5590,2026-01-04,VH-XZA,"{""engine_temp"": 971, ""vibration_level"": 0.43, ""fuel_burn_rate"": 2536}"
FL3782,2026-01-18,VH-XZA,"{""engine_temp"": 764, ""vibration_level"": 0.49, ""fuel_burn_rate"": 2580}"
FL2636,2026-01-04,VH-XZA,"{""engine_temp"": 738, ""vibration_level"": 0.36, ""fuel_burn_rate"": 2446}"
FL5016,2026-01-17,VH-XZD,"{""engine_temp"": 938, ""vibration_level"": 0.81, ""fuel_burn_rate"": 2805}"
FL8747,2026-01-23,VH-XZC,"{""engine_temp"": 816, ""vibration_level"": 0.41, ""fuel_burn_rate"": 2501}"
FL1951,2026-01-06,VH-XZA,"{""engine_temp"": 779, ""vibration_level"": 0.37, ""fuel_burn_rate"": 2533}"
FL9985,2026-01-17,VH-XZD,"{""engine_temp"": 934, ""vibration_level"": 0.81, ""fuel_burn_rate"": 2884}"
FL9572,2026-01-29,VH-XZB,"{""engine_temp"": 779, ""vibration_level"": 0.41, ""fuel_burn_rate"": 2496}"
FL8846,2026-01-24,VH-XZD,"{""engine_temp"": 938, ""vibration_level"": 0.72, ""fuel_burn_rate"": 2747}"
FL5994,2026-01-07,VH-XZC,"{""engine_temp"": 909, ""vibration_level"": 0.32, ""fuel_burn_rate"": 2450}"
FL9294,2026-01-12,VH-XZC,"{""engine_temp"": 765, ""vibration_level"": 0.46, ""fuel_burn_rate"": 2563}"
FL4590,2026-01-23,VH-XZA,"{""engine_temp"": 789, ""vibration_level"": 0.47, ""fuel_burn_rate"": 2622}"
FL9268,2026-01-18,VH-XZA,"{""engine_temp"": 838, ""vibration_level"": 0.41, ""fuel_burn_rate"": 2547}"
FL3954,2026-01-30,VH-XZB,"{""engine_temp"": 819, ""vibration_level"": 0.42, ""fuel_burn_rate"": 2579}"
FL5236,2026-01-22,VH-XZD,"{""engine_temp"": 731, ""vibration_level"": 0.84, ""fuel_burn_rate"": 2869}"
FL9610,2026-01-01,VH-XZC,"{""engine_temp"": 750, ""vibration_level"": 0.37, ""fuel_burn_rate"": 2457}"
FL5464,2026-01-22,VH-XZB,"{""engine_temp"": 961, ""vibration_level"": 0.41, ""fuel_burn_rate"": 2511}"
FL4191,2026-01-19,VH-XZA,"{""engine_temp"": 781, ""vibration_level"": 0.43, ""fuel_burn_rate"": 2566}"
FL4949,2026-01-28,VH-XZB,"{""engine_temp"": 732, ""vibration_level"": 0.44, ""fuel_burn_rate"": 2566}"
FL7141,2026-01-11,VH-XZB,"{""engine_temp"": 963, ""vibration_level"": 0.38, ""fuel_burn_rate"": 2509}"
FL2929,2026-01-10,VH-XZC,"{""engine_temp"": 713, ""vibration_level"": 0.31, ""fuel_burn_rate"": 2496}"
FL2270,2026-01-28,VH-XZA,"{""engine_temp"": 744, ""vibration_level"": 0.38, ""fuel_burn_rate"": 2548}"
FL8997,2026-01-14,VH-XZA,"{""engine_temp"": 938, ""vibration_level"": 0.48, ""fuel_burn_rate"": 2557}"
FL1271,2026-01-11,VH-XZC,"{""engine_temp"": 771, ""vibration_level"": 0.35, ""fuel_burn_rate"": 2502}"
FL2620,2026-01-14,VH-XZC,"{""engine_temp"": 959, ""vibration_level"": 0.49, ""fuel_burn_rate"": 2599}"
FL8587,2026-01-01,VH-XZA,"{""engine_temp"": 872, ""vibration_level"": 0.48, ""fuel_burn_rate"": 2534}"
FL1482,2026-01-11,VH-XZB,"{""engine_temp"": 885, ""vibration_level"": 0.49, ""fuel_burn_rate"": 2582}"
FL9569,2026-01-01,VH-XZC,"{""engine_temp"": 714, ""vibration_level"": 0.33, ""fuel_burn_rate"": 2512}"
FL1851,2026-01-05,VH-XZC,"{""engine_temp"": 702, ""vibration_level"": 0.49, ""fuel_burn_rate"": 2548}"
FL5334,2026-01-12,VH-XZD,"{""engine_temp"": 967, ""vibration_level"": 0.82, ""fuel_burn_rate"": 2859}"
FL2365,2026-01-08,VH-XZB,"{""engine_temp"": 847, ""vibration_level"": 0.33, ""fuel_burn_rate"": 2479}"
FL6432,2026-01-11,VH-XZB,"{""engine_temp"": 741, ""vibration_level"": 0.34, ""fuel_burn_rate"": 2439}"
FL3098,2026-01-03,VH-XZC,"{""engine_temp"": 855, ""vibration_level"": 0.49, ""fuel_burn_rate"": 2597}"
FL9193,2026-01-19,VH-XZD,"{""engine_temp"": 776, ""vibration_level"": 0.88, ""fuel_burn_rate"": 2919}"
FL3730,2026-01-04,VH-XZC,"{""engine_temp"": 733, ""vibration_level"": 0.35, ""fuel_burn_rate"": 2457}"
FL4239,2026-01-17,VH-XZD,"{""engine_temp"": 744, ""vibration_level"": 0.77, ""fuel_burn_rate"": 2855}"
FL8142,2026-01-17,VH-XZB,"{""engine_temp"": 736, ""vibration_level"": 0.4, ""fuel_burn_rate"": 2525}"
FL9590,2026-01-04,VH-XZD,"{""engine_temp"": 924, ""vibration_level"": 0.79, ""fuel_burn_rate"": 2824}"
FL8400,2026-01-06,VH-XZA,"{""engine_temp"": 705, ""vibration_level"": 0.39, ""fuel_burn_rate"": 2529}"
FL3626,2026-01-14,VH-XZB,"{""engine_temp"": 971, ""vibration_level"": 0.46, ""fuel_burn_rate"": 2529}"
FL6538,2026-01-14,VH-XZD,"{""engine_temp"": 907, ""vibration_level"": 0.71, ""fuel_burn_rate"": 2752}"
FL7972,2026-01-09,VH-XZD,"{""engine_temp"": 708, ""vibration_level"": 0.72, ""fuel_burn_rate"": 2770}"
FL1080,2026-01-04,VH-XZA,"{""engine_temp"": 781, ""vibration_level"": 0.34, ""fuel_burn_rate"": 2454}"
FL3242,2026-01-11,VH-XZB,"{""engine_temp"": 820, ""vibration_level"": 0.35, ""fuel_burn_rate"": 2450}"
FL2773,2026-01-20,VH-XZD,"{""engine_temp"": 977, ""vibration_level"": 0.72, ""fuel_burn_rate"": 2792}"
FL7787,2026-01-12,VH-XZC,"{""engine_temp"": 837, ""vibration_level"": 0.48, ""fuel_burn_rate"": 2609}"
FL8067,2026-01-05,VH-XZD,"{""engine_temp"": 942, ""vibration_level"": 0.85, ""fuel_burn_rate"": 2896}"
FL6025,2026-01-22,VH-XZB,"{""engine_temp"": 761, ""vibration_level"": 0.4, ""fuel_burn_rate"": 2551}"
FL5574,2026-01-11,VH-XZB,"{""engine_temp"": 735, ""vibration_level"": 0.35, ""fuel_burn_rate"": 2524}"
FL8243,2026-01-25,VH-XZB,"{""engine_temp"": 804, ""vibration_level"": 0.4, ""fuel_burn_rate"": 2543}"
FL8038,2026-01-17,VH-XZA,"{""engine_temp"": 966, ""vibration_level"": 0.37, ""fuel_burn_rate"": 2469}"
FL2649,2026-01-30,VH-XZB,"{""engine_temp"": 846, ""vibration_level"": 0.43, ""fuel_burn_rate"": 2509}"
FL1140,2026-01-26,VH-XZB,"{""engine_temp"": 792, ""vibration_level"": 0.45, ""fuel_burn_rate"": 2527}"
FL7917,2026-01-02,VH-XZC,"{""engine_temp"": 713, ""vibration_level"": 0.36, ""fuel_burn_rate"": 2531}"
FL6762,2026-01-12,VH-XZA,"{""engine_temp"": 794, ""vibration_level"": 0.45, ""fuel_burn_rate"": 2568}"
FL3580,2026-01-26,VH-XZB,"{""engine_temp"": 754, ""vibration_level"": 0.31, ""fuel_burn_rate"": 2437}"
FL6003,2026-01-05,VH-XZA,"{""engine_temp"": 829, ""vibration_level"": 0.36, ""fuel_burn_rate"": 2455}"
FL1705,2026-01-10,VH-XZB,"{""engine_temp"": 744, ""vibration_level"": 0.31, ""fuel_burn_rate"": 2451}"
FL1458,2026-01-08,VH-XZD,"{""engine_temp"": 742, ""vibration_level"": 0.73, ""fuel_burn_rate"": 2792}"
FL5065,2026-01-18,VH-XZA,"{""engine_temp"": 944, ""vibration_level"": 0.36, ""fuel_burn_rate"": 2522}"
FL5072,2026-01-17,VH-XZC,"{""engine_temp"": 946, ""vibration_level"": 0.47, ""fuel_burn_rate"": 2584}"
FL8144,2026-01-27,VH-XZA,"{""engine_temp"": 737, ""vibration_level"": 0.3, ""fuel_burn_rate"": 2409}"
FL7360,2026-01-26,VH-XZD,"{""engine_temp"": 869, ""vibration_level"": 0.81, ""fuel_burn_rate"": 2801}"
FL3176,2026-01-22,VH-XZA,"{""engine_temp"": 845, ""vibration_level"": 0.46, ""fuel_burn_rate"": 2598}"
FL9142,2026-01-03,VH-XZD,"{""engine_temp"": 775, ""vibration_level"": 0.86, ""fuel_burn_rate"": 2872}"
FL5743,2026-01-02,VH-XZB,"{""engine_temp"": 703, ""vibration_level"": 0.45, ""fuel_burn_rate"": 2606}"
FL1764,2026-01-27,VH-XZB,"{""engine_temp"": 947, ""vibration_level"": 0.48, ""fuel_burn_rate"": 2602}"
FL5987,2026-01-10,VH-XZA,"{""engine_temp"": 871, ""vibration_level"": 0.34, ""fuel_burn_rate"": 2444}"
FL9854,2026-01-07,VH-XZB,"{""engine_temp"": 970, ""vibration_level"": 0.5, ""fuel_burn_rate"": 2575}"
FL8444,2026-01-09,VH-XZA,"{""engine_temp"": 892, ""vibration_level"": 0.47, ""fuel_burn_rate"": 2553}"
FL9175,2026-01-28,VH-XZA,"{""engine_temp"": 977, ""vibration_level"": 0.34, ""fuel_burn_rate"": 2501}"
FL4457,2026-01-14,VH-XZB,"{""engine_temp"": 804, ""vibration_level"": 0.49, ""fuel_burn_rate"": 2551}"
FL9384,2026-01-05,VH-XZC,"{""engine_temp"": 940, ""vibration_level"": 0.36, ""fuel_burn_rate"": 2534}"
FL6957,2026-01-22,VH-XZC,"{""engine_temp"": 902, ""vibration_level"": 0.49, ""fuel_burn_rate"": 2618}"
FL9545,2026-01-26,VH-XZC,"{""engine_temp"": 700, ""vibration_level"": 0.45, ""fuel_burn_rate"": 2594}"
FL9286,2026-01-03,VH-XZD,"{""engine_temp"": 876, ""vibration_level"": 0.8, ""fuel_burn_rate"": 2836}"
FL5915,2026-01-04,VH-XZB,"{""engine_temp"": 767, ""vibration_level"": 0.37, ""fuel_burn_rate"": 2452}"
FL9990,2026-01-21,VH-XZB,"{""engine_temp"": 829, ""vibration_level"": 0.35, ""fuel_burn_rate"": 2463}"
FL5867,2026-01-24,VH-XZA,"{""engine_temp"": 848, ""vibration_level"": 0.42, ""fuel_burn_rate"": 2551}"
FL8883,2026-01-30,VH-XZD,"{""engine_temp"": 881, ""vibration_level"": 0.87, ""fuel_burn_rate"": 2860}"
FL9714,2026-01-24,VH-XZB,"{""engine_temp"": 936, ""vibration_level"": 0.43, ""fuel_burn_rate"": 2544}"
FL1173,2026-01-15,VH-XZC,"{""engine_temp"": 916, ""vibration_level"": 0.41, ""fuel_burn_rate"": 2479}"
FL3700,2026-01-08,VH-XZC,"{""engine_temp"": 889, ""vibration_level"": 0.36, ""fuel_burn_rate"": 2524}"
FL5842,2026-01-21,VH-XZA,"{""engine_temp"": 777, ""vibration_level"": 0.37, ""fuel_burn_rate"": 2466}"
FL4287,2026-01-03,VH-XZD,"{""engine_temp"": 774, ""vibration_level"": 0.87, ""fuel_burn_rate"": 2896}"
FL9858,2026-01-24,VH-XZB,"{""engine_temp"": 742, ""vibration_level"": 0.34, ""fuel_burn_rate"": 2453}"
FL4373,2026-01-03,VH-XZD,"{""engine_temp"": 929, ""vibration_level"": 0.85, ""fuel_burn_rate"": 2836}"
FL8854,2026-01-12,VH-XZB,"{""engine_temp"": 770, ""vibration_level"": 0.32, ""fuel_burn_rate"": 2497}"
FL6209,2026-01-12,VH-XZA,"{""engine_temp"": 928, ""vibration_level"": 0.37, ""fuel_burn_rate"": 2522}"
FL3234,2026-01-01,VH-XZC,"{""engine_temp"": 902, ""vibration_level"": 0.31, ""fuel_burn_rate"": 2409}"
FL2549,2026-01-08,VH-XZD,"{""engine_temp"": 772, ""vibration_level"": 0.77, ""fuel_burn_rate"": 2861}"
FL3452,2026-01-20,VH-XZB,"{""engine_temp"": 980, ""vibration_level"": 0.38, ""fuel_burn_rate"": 2544}"
FL4361,2026-01-11,VH-XZB,"{""engine_temp"": 923, ""vibration_level"": 0.48, ""fuel_burn_rate"": 2544}"
FL7496,2026-01-06,VH-XZC,"{""engine_temp"": 845, ""vibration_level"": 0.42, ""fuel_burn_rate"": 2532}"
FL1608,2026-01-04,VH-XZC,"{""engine_temp"": 822, ""vibration_level"": 0.31, ""fuel_burn_rate"": 2450}"
FL8112,2026-01-19,VH-XZA,"{""engine_temp"": 876, ""vibration_level"": 0.43, ""fuel_burn_rate"": 2562}"
FL3444,2026-01-15,VH-XZC,"{""engine_temp"": 841, ""vibration_level"": 0.36, ""fuel_burn_rate"": 2447}"
FL8701,2026-01-03,VH-XZB,"{""engine_temp"": 830, ""vibration_level"": 0.47, ""fuel_burn_rate"": 2591}"
FL8128,2026-01-23,VH-XZD,"{""engine_temp"": 865, ""vibration_level"": 0.85, ""fuel_burn_rate"": 2916}"
FL8493,2026-01-13,VH-XZB,"{""engine_temp"": 784, ""vibration_level"": 0.32, ""fuel_burn_rate"": 2506}"
FL2532,2026-01-15,VH-XZA,"{""engine_temp"": 824, ""vibration_level"": 0.47, ""fuel_burn_rate"": 2555}"
FL7477,2026-01-09,VH-XZC,"{""engine_temp"": 919, ""vibration_level"": 0.35, ""fuel_burn_rate"": 2449}"
FL5981,2026-01-10,VH-XZD,"{""engine_temp"": 946, ""vibration_level"": 0.81, ""fuel_burn_rate"": 2888}"
FL2222,2026-01-28,VH-XZB,"{""engine_temp"": 967, ""vibration_level"": 0.37, ""fuel_burn_rate"": 2456}"
FL6265,2026-01-13,VH-XZB,"{""engine_temp"": 800, ""vibration_level"": 0.41, ""fuel_burn_rate"": 2503}"
FL3668,2026-01-19,VH-XZA,"{""engine_temp"": 808, ""vibration_level"": 0.35, ""fuel_burn_rate"": 2450}"
FL7290,2026-01-29,VH-XZA,"{""engine_temp"": 962, ""vibration_level"": 0.39, ""fuel_burn_rate"": 2528}"
FL1849,2026-01-26,VH-XZB,"{""engine_temp"": 970, ""vibration_level"": 0.44, ""fuel_burn_rate"": 2580}"
FL3733,2026-01-25,VH-XZA,"{""engine_temp"": 874, ""vibration_level"": 0.47, ""fuel_burn_rate"": 2618}"
FL3199,2026-01-06,VH-XZC,"{""engine_temp"": 769, ""vibration_level"": 0.35, ""fuel_burn_rate"": 2439}"
FL3859,2026-01-24,VH-XZA,"{""engine_temp"": 902, ""vibration_level"": 0.4, ""fuel_burn_rate"": 2531}"
FL8051,2026-01-23,VH-XZD,"{""engine_temp"": 944, ""vibration_level"": 0.89, ""fuel_burn_rate"": 2907}"
FL7627,2026-01-02,VH-XZA,"{""engine_temp"": 833, ""vibration_level"": 0.45, ""fuel_burn_rate"": 2582}"
FL8955,2026-01-28,VH-XZD,"{""engine_temp"": 813, ""vibration_level"": 0.73, ""fuel_burn_rate"": 2767}"
FL4197,2026-01-06,VH-XZC,"{""engine_temp"": 729, ""vibration_level"": 0.45, ""fuel_burn_rate"": 2608}"
FL4740,2026-01-28,VH-XZB,"{""engine_temp"": 902, ""vibration_level"": 0.45, ""fuel_burn_rate"": 2578}"
FL5554,2026-01-07,VH-XZB,"{""engine_temp"": 775, ""vibration_level"": 0.41, ""fuel_burn_rate"": 2546}"
FL7432,2026-01-09,VH-XZB,"{""engine_temp"": 931, ""vibration_level"": 0.49, ""fuel_burn_rate"": 2584}"
FL4672,2026-01-15,VH-XZA,"{""engine_temp"": 727, ""vibration_level"": 0.49, ""fuel_burn_rate"": 2577}"
FL2402,2026-01-10,VH-XZB,"{""engine_temp"": 816, ""vibration_level"": 0.41, ""fuel_burn_rate"": 2512}"
FL4009,2026-01-30,VH-XZA,"{""engine_temp"": 799, ""vibration_level"": 0.46, ""fuel_burn_rate"": 2563}"
FL4192,2026-01-30,VH-XZD,"{""engine_temp"": 724, ""vibration_level"": 0.73, ""fuel_burn_rate"": 2815}"
FL4776,2026-01-24,VH-XZA,"{""engine_temp"": 854, ""vibration_level"": 0.42, ""fuel_burn_rate"": 2544}"
FL2197,2026-01-18,VH-XZB,"{""engine_temp"": 978, ""vibration_level"": 0.42, ""fuel_burn_rate"": 2552}"
FL9045,2026-01-13,VH-XZA,"{""engine_temp"": 861, ""vibration_level"": 0.42, ""fuel_burn_rate"": 2569}"
FL8466,2026-01-03,VH-XZC,"{""engine_temp"": 976, ""vibration_level"": 0.47, ""fuel_burn_rate"": 2602}"
FL7622,2026-01-06,VH-XZA,"{""engine_temp"": 704, ""vibration_level"": 0.44, ""fuel_burn_rate"": 2583}"
FL5073,2026-01-15,VH-XZB,"{""engine_temp"": 871, ""vibration_level"": 0.35, ""fuel_burn_rate"": 2502}"
FL3097,2026-01-19,VH-XZB,"{""engine_temp"": 937, ""vibration_level"": 0.33, ""fuel_burn_rate"": 2484}"
FL3983,2026-01-15,VH-XZA,"{""engine_temp"": 866, ""vibration_level"": 0.45, ""fuel_burn_rate"": 2575}"
FL7567,2026-01-23,VH-XZD,"{""engine_temp"": 882, ""vibration_level"": 0.79, ""fuel_burn_rate"": 2816}"
FL6869,2026-01-10,VH-XZD,"{""engine_temp"": 856, ""vibration_level"": 0.79, ""fuel_burn_rate"": 2811}"
FL5954,2026-01-03,VH-XZA,"{""engine_temp"": 962, ""vibration_level"": 0.48, ""fuel_burn_rate"": 2580}"
FL3844,2026-01-23,VH-XZA,"{""engine_temp"": 702, ""vibration_level"": 0.39, ""fuel_burn_rate"": 2546}"
FL8232,2026-01-10,VH-XZA,"{""engine_temp"": 818, ""vibration_level"": 0.39, ""fuel_burn_rate"": 2487}"
FL7947,2026-01-29,VH-XZD,"{""engine_temp"": 968, ""vibration_level"": 0.83, ""fuel_burn_rate"": 2889}"
FL4270,2026-01-27,VH-XZC,"{""engine_temp"": 897, ""vibration_level"": 0.41, ""fuel_burn_rate"": 2574}"
FL6039,2026-01-29,VH-XZA,"{""engine_temp"": 844, ""vibration_level"": 0.46, ""fuel_burn_rate"": 2531}"
FL3687,2026-01-18,VH-XZD,"{""engine_temp"": 912, ""vibration_level"": 0.87, ""fuel_burn_rate"": 2921}"
FL1268,2026-01-03,VH-XZB,"{""engine_temp"": 801, ""vibration_level"": 0.4, ""fuel_burn_rate"": 2497}"
FL3467,2026-01-30,VH-XZB,"{""engine_temp"": 924, ""vibration_level"": 0.35, ""fuel_burn_rate"": 2508}"
FL7211,2026-01-12,VH-XZD,"{""engine_temp"": 756, ""vibration_level"": 0.9, ""fuel_burn_rate"": 2927}"
FL3033,2026-01-25,VH-XZD,"{""engine_temp"": 971, ""vibration_level"": 0.82, ""fuel_burn_rate"": 2871}"
FL2538,2026-01-08,VH-XZD,"{""engine_temp"": 963, ""vibration_level"": 0.88, ""fuel_burn_rate"": 2944}"
FL5686,2026-01-01,VH-XZD,"{""engine_temp"": 836, ""vibration_level"": 0.8, ""fuel_burn_rate"": 2791}"
FL7621,2026-01-09,VH-XZC,"{""engine_temp"": 775, ""vibration_level"": 0.39, ""fuel_burn_rate"": 2502}"
FL8357,2026-01-27,VH-XZA,"{""engine_temp"": 727, ""vibration_level"": 0.31, ""fuel_burn_rate"": 2425}"
FL7672,2026-01-30,VH-XZC,"{""engine_temp"": 774, ""vibration_level"": 0.38, ""fuel_burn_rate"": 2521}"
FL7409,2026-01-29,VH-XZA,"{""engine_temp"": 727, ""vibration_level"": 0.32, ""fuel_burn_rate"": 2419}"
FL3488,2026-01-16,VH-XZB,"{""engine_temp"": 924, ""vibration_level"": 0.36, ""fuel_burn_rate"": 2454}"
FL8988,2026-01-16,VH-XZA,"{""engine_temp"": 884, ""vibration_level"": 0.33, ""fuel_burn_rate"": 2462}"
FL8600,2026-01-17,VH-XZC,"{""engine_temp"": 873, ""vibration_level"": 0.46, ""fuel_burn_rate"": 2569}"
FL2330,2026-01-08,VH-XZB,"{""engine_temp"": 870, ""vibration_level"": 0.41, ""fuel_burn_rate"": 2522}"
FL9732,2026-01-11,VH-XZD,"{""engine_temp"": 787, ""vibration_level"": 0.81, ""fuel_burn_rate"": 2884}"
FL8668,2026-01-01,VH-XZA,"{""engine_temp"": 705, ""vibration_level"": 0.43, ""fuel_burn_rate"": 2544}"
FL9031,2026-01-11,VH-XZA,"{""engine_temp"": 899, ""vibration_level"": 0.48, ""fuel_burn_rate"": 2542}"
FL2711,2026-01-18,VH-XZD,"{""engine_temp"": 955, ""vibration_level"": 0.7, ""fuel_burn_rate"": 2803}"
FL3904,2026-01-24,VH-XZA,"{""engine_temp"": 767, ""vibration_level"": 0.49, ""fuel_burn_rate"": 2568}"
FL1020,2026-01-07,VH-XZC,"{""engine_temp"": 804, ""vibration_level"": 0.39, ""fuel_burn_rate"": 2556}"
FL4207,2026-01-04,VH-XZA,"{""engine_temp"": 849, ""vibration_level"": 0.42, ""fuel_burn_rate"": 2498}"
FL6694,2026-01-28,VH-XZC,"{""engine_temp"": 860, ""vibration_level"": 0.33, ""fuel_burn_rate"": 2488}"
FL1714,2026-01-05,VH-XZC,"{""engine_temp"": 715, ""vibration_level"": 0.47, ""fuel_burn_rate"": 2607}"
FL6141,2026-01-24,VH-XZB,"{""engine_temp"": 980, ""vibration_level"": 0.46, ""fuel_burn_rate"": 2606}"
FL9593,2026-01-02,VH-XZA,"{""engine_temp"": 777, ""vibration_level"": 0.33, ""fuel_burn_rate"": 2467}"
FL5953,2026-01-15,VH-XZC,"{""engine_temp"": 779, ""vibration_level"": 0.4, ""fuel_burn_rate"": 2524}"
FL3807,2026-01-30,VH-XZB,"{""engine_temp"": 881, ""vibration_level"": 0.4, ""fuel_burn_rate"": 2504}"
FL4330,2026-01-30,VH-XZD,"{""engine_temp"": 853, ""vibration_level"": 0.79, ""fuel_burn_rate"": 2830}"
FL8384,2026-01-30,VH-XZB,"{""engine_temp"": 727, ""vibration_level"": 0.34, ""fuel_burn_rate"": 2498}"
FL2174,2026-01-19,VH-XZD,"{""engine_temp"": 965, ""vibration_level"": 0.88, ""fuel_burn_rate"": 2941}"
FL9046,2026-01-12,VH-XZC,"{""engine_temp"": 848, ""vibration_level"": 0.32, ""fuel_burn_rate"": 2455}"
FL9441,2026-01-27,VH-XZA,"{""engine_temp"": 946, ""vibration_level"": 0.31, ""fuel_burn_rate"": 2458}"
FL5573,2026-01-26,VH-XZD,"{""engine_temp"": 814, ""vibration_level"": 0.79, ""fuel_burn_rate"": 2862}"
FL8006,2026-01-26,VH-XZC,"{""engine_temp"": 704, ""vibration_level"": 0.47, ""fuel_burn_rate"": 2608}"
FL3559,2026-01-02,VH-XZD,"{""engine_temp"": 818, ""vibration_level"": 0.75, ""fuel_burn_rate"": 2834}"
FL3231,2026-01-01,VH-XZB,"{""engine_temp"": 813, ""vibration_level"": 0.48, ""fuel_burn_rate"": 2571}"
FL4834,2026-01-20,VH-XZC,"{""engine_temp"": 849, ""vibration_level"": 0.39, ""fuel_burn_rate"": 2531}"
FL3946,2026-01-24,VH-XZB,"{""engine_temp"": 941, ""vibration_level"": 0.47, ""fuel_burn_rate"": 2554}"
FL3080,2026-01-15,VH-XZA,"{""engine_temp"": 704, ""vibration_level"": 0.4, ""fuel_burn_rate"": 2561}"
FL4458,2026-01-21,VH-XZB,"{""engine_temp"": 777, ""vibration_level"": 0.4, ""fuel_burn_rate"": 2547}"
FL2857,2026-01-14,VH-XZB,"{""engine_temp"": 800, ""vibration_level"": 0.45, ""fuel_burn_rate"": 2542}"
FL7608,2026-01-16,VH-XZA,"{""engine_temp"": 834, ""vibration_level"": 0.33, ""fuel_burn_rate"": 2415}"
FL6124,2026-01-26,VH-XZD,"{""engine_temp"": 775, ""vibration_level"": 0.8, ""fuel_burn_rate"": 2859}"
FL6075,2026-01-21,VH-XZB,"{""engine_temp"": 707, ""vibration_level"": 0.33, ""fuel_burn_rate"": 2448}"
FL2193,2026-01-25,VH-XZB,"{""engine_temp"": 893, ""vibration_level"": 0.33, ""fuel_burn_rate"": 2441}"
FL5325,2026-01-23,VH-XZA,"{""engine_temp"": 786, ""vibration_level"": 0.38, ""fuel_burn_rate"": 2548}"
FL2548,2026-01-06,VH-XZC,"{""engine_temp"": 760, ""vibration_level"": 0.37, ""fuel_burn_rate"": 2453}"
FL4635,2026-01-17,VH-XZD,"{""engine_temp"": 957, ""vibration_level"": 0.75, ""fuel_burn_rate"": 2764}"
FL9659,2026-01-07,VH-XZB,"{""engine_temp"": 779, ""vibration_level"": 0.35, ""fuel_burn_rate"": 2529}"
FL5576,2026-01-18,VH-XZB,"{""engine_temp"": 839, ""vibration_level"": 0.5, ""fuel_burn_rate"": 2628}"
FL2702,2026-01-30,VH-XZC,"{""engine_temp"": 824, ""vibration_level"": 0.4, ""fuel_burn_rate"": 2540}"
FL8447,2026-01-06,VH-XZB,"{""engine_temp"": 836, ""vibration_level"": 0.35, ""fuel_burn_rate"": 2517}"
FL6203,2026-01-26,VH-XZD,"{""engine_temp"": 892, ""vibration_level"": 0.87, ""fuel_burn_rate"": 2872}"
FL8317,2026-01-28,VH-XZA,"{""engine_temp"": 791, ""vibration_level"": 0.46, ""fuel_burn_rate"": 2591}"
FL6687,2026-01-09,VH-XZB,"{""engine_temp"": 756, ""vibration_level"": 0.45, ""fuel_burn_rate"": 2531}"
FL4903,2026-01-09,VH-XZA,"{""engine_temp"": 853, ""vibration_level"": 0.42, ""fuel_burn_rate"": 2518}"
FL9504,2026-01-21,VH-XZD,"{""engine_temp"": 711, ""vibration_level"": 0.83, ""fuel_burn_rate"": 2877}"
FL9496,2026-01-23,VH-XZD,"{""engine_temp"": 890, ""vibration_level"": 0.81, ""fuel_burn_rate"": 2862}"
FL2058,2026-01-03,VH-XZA,"{""engine_temp"": 886, ""vibration_level"": 0.32, ""fuel_burn_rate"": 2418}"
FL2914,2026-01-23,VH-XZA,"{""engine_temp"": 710, ""vibration_level"": 0.48, ""fuel_burn_rate"": 2591}"
FL1891,2026-01-04,VH-XZC,"{""engine_temp"": 896, ""vibration_level"": 0.33, ""fuel_burn_rate"": 2492}"
FL1018,2026-01-08,VH-XZC,"{""engine_temp"": 739, ""vibration_level"": 0.42, ""fuel_burn_rate"": 2534}"
FL3540,2026-01-24,VH-XZD,"{""engine_temp"": 750, ""vibration_level"": 0.76, ""fuel_burn_rate"": 2777}"
FL3277,2026-01-28,VH-XZC,"{""engine_temp"": 839, ""vibration_level"": 0.5, ""fuel_burn_rate"": 2627}"
FL3931,2026-01-16,VH-XZB,"{""engine_temp"": 949, ""vibration_level"": 0.38, ""fuel_burn_rate"": 2470}"
FL9824,2026-01-24,VH-XZB,"{""engine_temp"": 952, ""vibration_level"": 0.43, ""fuel_burn_rate"": 2527}"
FL6133,2026-01-21,VH-XZA,"{""engine_temp"": 857, ""vibration_level"": 0.49, ""fuel_burn_rate"": 2575}"
FL5888,2026-01-02,VH-XZD,"{""engine_temp"": 859, ""vibration_level"": 0.83, ""fuel_burn_rate"": 2855}"
FL1776,2026-01-13,VH-XZB,"{""engine_temp"": 824, ""vibration_level"": 0.42, ""fuel_burn_rate"": 2506}"
FL4532,2026-01-23,VH-XZB,"{""engine_temp"": 817, ""vibration_level"": 0.44, ""fuel_burn_rate"": 2570}"
FL3330,2026-01-03,VH-XZB,"{""engine_temp"": 840, ""vibration_level"": 0.41, ""fuel_burn_rate"": 2562}"
FL6982,2026-01-11,VH-XZD,"{""engine_temp"": 788, ""vibration_level"": 0.87, ""fuel_burn_rate"": 2849}"
FL2536,2026-01-15,VH-XZA,"{""engine_temp"": 746, ""vibration_level"": 0.49, ""fuel_burn_rate"": 2613}"
FL6678,2026-01-19,VH-XZD,"{""engine_temp"": 957, ""vibration_level"": 0.85, ""fuel_burn_rate"": 2855}"
FL1847,2026-01-20,VH-XZA,"{""engine_temp"": 926, ""vibration_level"": 0.36, ""fuel_burn_rate"": 2454}"
FL1042,2026-01-27,VH-XZC,"{""engine_temp"": 754, ""vibration_level"": 0.36, ""fuel_burn_rate"": 2515}"
FL4215,2026-01-25,VH-XZA,"{""engine_temp"": 745, ""vibration_level"": 0.47, ""fuel_burn_rate"": 2582}"
FL6041,2026-01-29,VH-XZB,"{""engine_temp"": 826, ""vibration_level"": 0.5, ""fuel_burn_rate"": 2626}"
FL4773,2026-01-02,VH-XZD,"{""engine_temp"": 908, ""vibration_level"": 0.76, ""fuel_burn_rate"": 2759}"
FL6194,2026-01-16,VH-XZC,"{""engine_temp"": 968, ""vibration_level"": 0.36, ""fuel_burn_rate"": 2527}"
FL2727,2026-01-24,VH-XZB,"{""engine_temp"": 821, ""vibration_level"": 0.44, ""fuel_burn_rate"": 2555}"
FL5350,2026-01-27,VH-XZA,"{""engine_temp"": 844, ""vibration_level"": 0.42, ""fuel_burn_rate"": 2556}"
FL9979,2026-01-05,VH-XZA,"{""engine_temp"": 838, ""vibration_level"": 0.47, ""fuel_burn_rate"": 2609}"
FL3960,2026-01-26,VH-XZA,"{""engine_temp"": 958, ""vibration_level"": 0.37, ""fuel_burn_rate"": 2520}"
FL5475,2026-01-24,VH-XZB,"{""engine_temp"": 914, ""vibration_level"": 0.37, ""fuel_burn_rate"": 2512}"
FL4049,2026-01-05,VH-XZD,"{""engine_temp"": 970, ""vibration_level"": 0.85, ""fuel_burn_rate"": 2902}"
FL8248,2026-01-22,VH-XZA,"{""engine_temp"": 904, ""vibration_level"": 0.3, ""fuel_burn_rate"": 2468}"
FL2481,2026-01-04,VH-XZD,"{""engine_temp"": 950, ""vibration_level"": 0.74, ""fuel_burn_rate"": 2758}"
FL1802,2026-01-24,VH-XZC,"{""engine_temp"": 866, ""vibration_level"": 0.32, ""fuel_burn_rate"": 2472}"
FL5217,2026-01-06,VH-XZC,"{""engine_temp"": 736, ""vibration_level"": 0.44, ""fuel_burn_rate"": 2570}"
FL5799,2026-01-16,VH-XZD,"{""engine_temp"": 808, ""vibration_level"": 0.85, ""fuel_burn_rate"": 2902}"
FL7473,2026-01-29,VH-XZC,"{""engine_temp"": 933, ""vibration_level"": 0.46, ""fuel_burn_rate"": 2587}"
FL3499,2026-01-08,VH-XZA,"{""engine_temp"": 980, ""vibration_level"": 0.32, ""fuel_burn_rate"": 2413}"
FL9986,2026-01-17,VH-XZA,"{""engine_temp"": 928, ""vibration_level"": 0.5, ""fuel_burn_rate"": 2573}"
FL4926,2026-01-22,VH-XZC,"{""engine_temp"": 913, ""vibration_level"": 0.32, ""fuel_burn_rate"": 2470}"
FL4263,2026-01-16,VH-XZD,"{""engine_temp"": 759, ""vibration_level"": 0.72, ""fuel_burn_rate"": 2759}"
FL4220,2026-01-05,VH-XZB,"{""engine_temp"": 879, ""vibration_level"": 0.46, ""fuel_burn_rate"": 2543}"
FL5732,2026-01-03,VH-XZB,"{""engine_temp"": 878, ""vibration_level"": 0.42, ""fuel_burn_rate"": 2567}"
FL7967,2026-01-22,VH-XZC,"{""engine_temp"": 961, ""vibration_level"": 0.46, ""fuel_burn_rate"": 2593}"
FL7388,2026-01-30,VH-XZC,"{""engine_temp"": 860, ""vibration_level"": 0.31, ""fuel_burn_rate"": 2469}"
FL3789,2026-01-21,VH-XZD,"{""engine_temp"": 792, ""vibration_level"": 0.81, ""fuel_burn_rate"": 2834}"
FL6290,2026-01-02,VH-XZD,"{""engine_temp"": 787, ""vibration_level"": 0.87, ""fuel_burn_rate"": 2896}"
FL5954,2026-01-11,VH-XZA,"{""engine_temp"": 745, ""vibration_level"": 0.37, ""fuel_burn_rate"": 2525}"
FL2000,2026-01-20,VH-XZC,"{""engine_temp"": 967, ""vibration_level"": 0.37, ""fuel_burn_rate"": 2448}"
FL2805,2026-01-18,VH-XZA,"{""engine_temp"": 897, ""vibration_level"": 0.48, ""fuel_burn_rate"": 2587}"
FL8041,2026-01-15,VH-XZC,"{""engine_temp"": 708, ""vibration_level"": 0.33, ""fuel_burn_rate"": 2505}"
FL8843,2026-01-23,VH-XZA,"{""engine_temp"": 865, ""vibration_level"": 0.34, ""fuel_burn_rate"": 2519}"
FL5788,2026-01-16,VH-XZD,"{""engine_temp"": 894, ""vibration_level"": 0.79, ""fuel_burn_rate"": 2872}"
FL5586,2026-01-04,VH-XZC,"{""engine_temp"": 813, ""vibration_level"": 0.36, ""fuel_burn_rate"": 2496}"
FL1967,2026-01-14,VH-XZA,"{""engine_temp"": 814, ""vibration_level"": 0.49, ""fuel_burn_rate"": 2563}"
FL2000,2026-01-24,VH-XZB,"{""engine_temp"": 923, ""vibration_level"": 0.45, ""fuel_burn_rate"": 2542}"
FL1177,2026-01-27,VH-XZB,"{""engine_temp"": 742, ""vibration_level"": 0.44, ""fuel_burn_rate"": 2599}"
FL9438,2026-01-11,VH-XZB,"{""engine_temp"": 966, ""vibration_level"": 0.42, ""fuel_burn_rate"": 2549}"
FL8694,2026-01-30,VH-XZD,"{""engine_temp"": 753, ""vibration_level"": 0.72, ""fuel_burn_rate"": 2754}"
FL7471,2026-01-17,VH-XZB,"{""engine_temp"": 887, ""vibration_level"": 0.32, ""fuel_burn_rate"": 2505}"
FL9099,2026-01-05,VH-XZD,"{""engine_temp"": 821, ""vibration_level"": 0.88, ""fuel_burn_rate"": 2897}"
FL3874,2026-01-04,VH-XZA,"{""engine_temp"": 905, ""vibration_level"": 0.5, ""fuel_burn_rate"": 2583}"
FL4921,2026-01-27,VH-XZC,"{""engine_temp"": 870, ""vibration_level"": 0.39, ""fuel_burn_rate"": 2522}"
